CargoOK	IdCargo_IdTipo_IdTipo2
Plan Internet Móvil Ilimitado	Fijos-Datos-BAM
Plan Internet Móvil Ilimitado	Fijos-Datos-BAM
PLAN INTERNET MOVIL ILIMITADO	Fijos-Datos-BAM
PLAN INTERNET MOVIL ILIMITADO	Fijos-Datos-BAM
Plan Datos Ilimitado GGCC	Fijos-Datos-BAM
Plan Datos Ilimitado GGCC	Fijos-Datos-BAM
Plan Datos Ilimitado GGCC	Fijos-Datos-BAM
Internet  Movistar Ilimitado	Fijos-Datos-BAM
IM EMP Control 3 GB	Fijos-Datos-BAM
IM EMP Control 3 GB	Fijos-Datos-BAM
Abono 3G Ilimitado	Fijos-Datos-BAM
Abono 3G Ilimitado	Fijos-Datos-BAM
Abono 3G Ilimitado	Fijos-Datos-BAM
Abono 3G Ilimitado	Fijos-Datos-BAM
Abono 3G Ilimitado	Fijos-Datos-BAM
Plan BlackBerry Profesional BIS	Fijos-Datos-Blackberry
Plan BlackBerry Profesional BIS	Fijos-Datos-Blackberry
Plan BlackBerry Profesional BIS	Fijos-Datos-Blackberry
Plan BlackBerry Profesional BIS	Fijos-Datos-Blackberry
Plan BlackBerry Profesional BIS	Fijos-Datos-Blackberry
Plan BlackBerry Profesional BIS	Fijos-Datos-Blackberry
Plan BlackBerry Profesional BIS	Fijos-Datos-Blackberry
Reseteador de Cuota Local	Variables-Datos-Datos Excedentes
Internet Por dia	Variables-Datos-Datos Excedentes
Internet Por dia	Variables-Datos-Datos Excedentes
Internet Móvel INT MOVEL EXCEDENTE	Variables-Datos-Datos Excedentes
Descuento según plan	Variables-Datos-Datos Excedentes
Datos Excedentes	Variables-Datos-Datos Excedentes
Datos Excedentes	Variables-Datos-Datos Excedentes
Datos Excedentes	Variables-Datos-Datos Excedentes
Datos Excedentes	Variables-Datos-Datos Excedentes
Datos Excedentes	Variables-Datos-Datos Excedentes
Datos Excedentes	Variables-Datos-Datos Excedentes
Datos Excedentes	Variables-Datos-Datos Excedentes
Datos Excedentes	Variables-Datos-Datos Excedentes
Datos Excedentes	Variables-Datos-Datos Excedentes
Datos Excedentes	Variables-Datos-Datos Excedentes
Datos Excedentes	Variables-Datos-Datos Excedentes
Datos Excedentes	Variables-Datos-Datos Excedentes
Datos Excedentes	Variables-Datos-Datos Excedentes
Datos Excedentes	Variables-Datos-Datos Excedentes
Datos Excedentes	Variables-Datos-Datos Excedentes
Datos Excedentes	Variables-Datos-Datos Excedentes
Datos Excedentes	Variables-Datos-Datos Excedentes
Datos Excedentes	Variables-Datos-Datos Excedentes
Datos Excedentes	Variables-Datos-Datos Excedentes
Datos Excedentes	Variables-Datos-Datos Excedentes
Datos Excedentes	Variables-Datos-Datos Excedentes
Datos Excedentes	Variables-Datos-Datos Excedentes
Datos Excedentes	Variables-Datos-Datos Excedentes
Datos Excedentes	Variables-Datos-Datos Excedentes
Datos Excedentes	Variables-Datos-Datos Excedentes
Datos Excedentes	Variables-Datos-Datos Excedentes
KB Tráfico Libres Adicionales PULA	Variables-Datos-Datos Incluidos
Datos Incluidos	Variables-Datos-Datos Incluidos
Datos Incluidos	Variables-Datos-Datos Incluidos
Datos Incluidos	Variables-Datos-Datos Incluidos
Datos Incluidos	Variables-Datos-Datos Incluidos
Datos Incluidos	Variables-Datos-Datos Incluidos
Datos Incluidos	Variables-Datos-Datos Incluidos
Datos Incluidos	Variables-Datos-Datos Incluidos
Datos Incluidos	Variables-Datos-Datos Incluidos
Datos Excedentes	Variables-Datos-Datos Incluidos
Bolsa Datos	Variables-Datos-Datos Incluidos
Valor de Recompra	Variables-Varios-Equipos
Subsidio Remanente de Equipos	Variables-Varios-Equipos
Subsidio especial 3	Variables-Varios-Equipos
Subsidio Equipos	Variables-Varios-Equipos
Subsidio Equipo	Variables-Varios-Equipos
Sdo.Pend.Fact.Vta.Nº A7296-00025193 Cuota 1/1	Variables-Varios-Equipos
SAMSUNG Galaxy Fame S6810	Variables-Varios-Equipos
SAMSUNG Galaxy Fame S6810	Variables-Varios-Equipos
Samsung E3300	Variables-Varios-Equipos
Samsung E3300	Variables-Varios-Equipos
Samsung E3300	Variables-Varios-Equipos
Samsung E3300	Variables-Varios-Equipos
Refacturación equipo	Variables-Varios-Equipos
Promocion Identificacion Base	Variables-Varios-Equipos
Parcelamento de Aparelho	Variables-Varios-Equipos
Opcion de Compra Equipo s/ctto	Variables-Varios-Equipos
Nokia Lumia 530	Variables-Varios-Equipos
Nokia Lumia 530	Variables-Varios-Equipos
Nokia Lumia 530	Variables-Varios-Equipos
Nokia Lumia 530	Variables-Varios-Equipos
Nokia Lumia 530	Variables-Varios-Equipos
Nokia Lumia 530	Variables-Varios-Equipos
Nokia Lumia 530	Variables-Varios-Equipos
Nokia  Asha 503  4GB	Variables-Varios-Equipos
Nokia  Asha 503  4GB	Variables-Varios-Equipos
Nokia  Asha 503  4GB	Variables-Varios-Equipos
Nokia  Asha 503  4GB	Variables-Varios-Equipos
Nokia  Asha 503  4GB	Variables-Varios-Equipos
Nokia  Asha 503  4GB	Variables-Varios-Equipos
Motorola Moto G 4G LTE XT1040	Variables-Varios-Equipos
Motorola Moto G 4G LTE XT1040	Variables-Varios-Equipos
Motorola Moto G 4G LTE XT1040	Variables-Varios-Equipos
Motorola E 2da Generacion	Variables-Varios-Equipos
Motorola E 2da Generacion	Variables-Varios-Equipos
Modem Alcatel X230 3G	Variables-Varios-Equipos
Huawei Modem 4G LTE E3372	Variables-Varios-Equipos
Equipo con Precio Diferencial	Variables-Varios-Equipos
Equipo con Precio Diferencial	Variables-Varios-Equipos
Deuda Factura de Venta	Variables-Varios-Equipos
Descto Promo.Antiguedad Base	Variables-Varios-Equipos
Cuota Arriendo Equipo 9 /18	Variables-Varios-Equipos
Cuota Arriendo Equipo 8 /18	Variables-Varios-Equipos
Cuota Arriendo Equipo 7 /18	Variables-Varios-Equipos
Cuota Arriendo Equipo 6 /18	Variables-Varios-Equipos
Cuota Arriendo Equipo 4 /18	Variables-Varios-Equipos
Cuota Arriendo Equipo 3 /18	Variables-Varios-Equipos
Cuota Arriendo Equipo 18/18	Variables-Varios-Equipos
Cuota Arriendo Equipo 17/18	Variables-Varios-Equipos
Cuota Arriendo Equipo 16/18	Variables-Varios-Equipos
Cuota Arriendo Equipo 15/18	Variables-Varios-Equipos
Cuota Arriendo Equipo 14/18	Variables-Varios-Equipos
Cuota Arriendo Equipo 13/18	Variables-Varios-Equipos
Cuota Arriendo Equipo 12/18	Variables-Varios-Equipos
Cuota Arriendo Equipo 11/18	Variables-Varios-Equipos
Cuota Arriendo Equipo 10/18	Variables-Varios-Equipos
Chip Personalizado	Variables-Varios-Equipos
Chip Personalizado	Variables-Varios-Equipos
Chip Personalizado	Variables-Varios-Equipos
BlackBerry 9320 2GB	Variables-Varios-Equipos
BlackBerry 9320 2GB	Variables-Varios-Equipos
BlackBerry 9320 2GB	Variables-Varios-Equipos
BlackBerry 9320 2GB	Variables-Varios-Equipos
BlackBerry 9320 2GB	Variables-Varios-Equipos
BlackBerry 9320 2GB	Variables-Varios-Equipos
BlackBerry 9320 2GB	Variables-Varios-Equipos
Garantía Cta y Orden Assurant	Fijos-Varios-Garantias
Garantía Cta y Orden Assurant	Fijos-Varios-Garantias
Garantía Cta y Orden Assurant	Fijos-Varios-Garantias
Garantía Cta y Orden Assurant	Fijos-Varios-Garantias
Garantía Cta y Orden Assurant	Fijos-Varios-Garantias
Garantía	Fijos-Varios-Garantias
Garantía	Fijos-Varios-Garantias
Cargo desbloqueo Gama Bronce o Cob	Fijos-Varios-Garantias
Ley Impuestos Interno	Variables-Varios-Impuestos
Ley Impuestos Interno	Variables-Varios-Impuestos
Impuestos Internos Ley 25.239	Variables-Varios-Impuestos
Impuestos Internos Ley 25.239	Variables-Varios-Impuestos
Impuestos Internos Ley 25.239	Variables-Varios-Impuestos
Impuestos Internos Ley 25.239	Variables-Varios-Impuestos
Cargo Fijo Datos Roaming 7mb	Fijos-Datos-Internacional
Abono Roaming 50% desc. Zona 5	Fijos-Datos-Internacional
Abono Roaming 50% desc. Zona 5	Fijos-Datos-Internacional
Abono Roaming 50% desc. Zona 3 y 4	Fijos-Datos-Internacional
Abono Roaming 50% desc. Zona 3 y 4	Fijos-Datos-Internacional
Abono Roaming 50% desc. Zona 2 y 6	Fijos-Datos-Internacional
Abono Roaming 50% desc. Zona 2 y 6	Fijos-Datos-Internacional
Abono Roaming 300Mb Mundial	Fijos-Datos-Internacional
Abono Roaming 300Mb Mundial	Fijos-Datos-Internacional
Plan Roaming 40% Off	Fijos-Voz-Internacional
Plan Roaming 40% Off	Fijos-Voz-Internacional
Plan Roaming 20% Off	Fijos-Voz-Internacional
Plan Roaming 20% Off	Fijos-Voz-Internacional
Plan Roaming 10% Off	Fijos-Voz-Internacional
Plan Roaming 10% Off	Fijos-Voz-Internacional
Pack Roaming 70 min Zona 3 y 4	Fijos-Voz-Internacional
Pack Roaming 70 Min Zona 3 y 4	Fijos-Voz-Internacional
Pack Roaming 100 Min Zona 2 y 6	Fijos-Voz-Internacional
Pack Roaming 100 Min Zona 2 y 6	Fijos-Voz-Internacional
Abono Roaming 60 Min Zona 2 y 6	Fijos-Voz-Internacional
Abono Roaming 60 Min Zona 1	Fijos-Voz-Internacional
Abono Roaming 60 Min Mundial	Fijos-Voz-Internacional
Abono Roaming 50% desc. Zona 2 y 6	Fijos-Voz-Internacional
Abono Roaming 50% desc. Zona 2 y 6	Fijos-Voz-Internacional
Abono Roaming 30% desc. Zona 3 y 4	Fijos-Voz-Internacional
Abono Roaming 30% desc. Zona 3 y 4	Fijos-Voz-Internacional
Abono Roaming 30% desc. Zona 3 y 4	Fijos-Voz-Internacional
Abono Roaming 30% desc. Zona 3 y 4	Fijos-Voz-Internacional
Abono Roaming 30% desc. Zona 2 y 6	Fijos-Voz-Internacional
Abono Roaming 15% desc. Zona 5	Fijos-Voz-Internacional
Abono Roaming 15% desc. Zona 5	Fijos-Voz-Internacional
Abono Roaming 15% desc. Zona 3 y 4	Fijos-Voz-Internacional
Abono Roaming 15% desc. Zona 3 y 4	Fijos-Voz-Internacional
Abono Roaming 15% desc. Zona 2 y 6	Fijos-Voz-Internacional
IVA 27%	Impuestos-IVA-IVA
IVA 27	Impuestos-IVA-IVA
IVA 21%	Impuestos-IVA-IVA
IVA 21	Impuestos-IVA-IVA
IVA	Impuestos-IVA-IVA
IVA	Impuestos-IVA-IVA
Torpedo SMS  INTERNACIONAL	Variables-Internacional-LDI SMS
Torpedo SMS  INTERNACIONAL	Variables-Internacional-LDI SMS
Torpedo SMS  INTERNACIONAL	Variables-Internacional-LDI SMS
Torpedo SMS  INTERNACIONAL	Variables-Internacional-LDI SMS
SMS Plus a Pais Limítrofe	Variables-Internacional-LDI SMS
SMS Plus a Pais Limítrofe	Variables-Internacional-LDI SMS
Mensajes Internacionales Enviados	Variables-Internacional-LDI SMS
Mensajes Internacionales Enviados	Variables-Internacional-LDI SMS
MENSAJES INTERNACIONALES	Variables-Internacional-LDI SMS
MENSAJES INTERNACIONALES	Variables-Internacional-LDI SMS
Mensajes de Texto Internacional	Variables-Internacional-LDI SMS
Mensajes de Texto Internacional	Variables-Internacional-LDI SMS
Mensajes de Texto Internacional	Variables-Internacional-LDI SMS
Mensaje de Texto Internac. Emitido	Variables-Internacional-LDI SMS
Minutos Multidestino Exc	Variables-Internacional-LDI Voz
Minutos LDI	Variables-Internacional-LDI Voz
LDI Por Cuenta De Carrier 188 Movistar	Variables-Internacional-LDI Voz
Larga Distancia Internacional	Variables-Internacional-LDI Voz
Larga Distancia Internacional	Variables-Internacional-LDI Voz
Larga Distancia Internacional	Variables-Internacional-LDI Voz
Larga Distancia Internacional	Variables-Internacional-LDI Voz
Estab. de  Llamadas Internacional Excedente	Variables-Internacional-LDI Voz
Estab. de  Llamadas Internacional Excedente	Variables-Internacional-LDI Voz
Estab. de  Llamadas Internacional Excedente	Variables-Internacional-LDI Voz
Entel Carrier	Variables-Internacional-LDI Voz
Soporte MDM	Fijos-Varios-MDM
Soporte MDM	Fijos-Varios-MDM
Soporte MDM	Fijos-Varios-MDM
Gestion Remota de Dispositivos	Fijos-Varios-MDM
Gestion Remota de Dispositivos	Fijos-Varios-MDM
Gestion Remota de Dispositivos	Fijos-Varios-MDM
TCL96 500 Minutos	Fijos-Voz-Nacional
PTC02 n/a Minutos	Fijos-Voz-Nacional
Prip! Especial 800	Fijos-Voz-Nacional
Prip! Base Empresas Stop	Fijos-Voz-Nacional
Prip! Base 100 Empresas Stop	Fijos-Voz-Nacional
Prip! Base 100 Empresas	Fijos-Voz-Nacional
Prip! 200 Pool	Fijos-Voz-Nacional
Plan trama Emp 160000 min CLR	Fijos-Voz-Nacional
PLAN TECHINT FULL	Fijos-Voz-Nacional
PLAN TECHINT BASICO	Fijos-Voz-Nacional
Plan Negocios 300 Min RCM CL	Fijos-Voz-Nacional
Plan Negocios 300 Min RCM CL	Fijos-Voz-Nacional
Plan Negocios 200 Min RCM CL	Fijos-Voz-Nacional
Plan Negocios 200 Min RCM CL	Fijos-Voz-Nacional
Plan Grupo Business Top Nacional 245	Fijos-Voz-Nacional
Plan Grupo Business Top Nacional 245	Fijos-Voz-Nacional
Plan Grupo Business Top Nacional 245	Fijos-Voz-Nacional
Plan Grupo Business Nacional 350	Fijos-Voz-Nacional
Plan Grupo Business Nacional 350	Fijos-Voz-Nacional
Plan Grupo Business Nacional 350	Fijos-Voz-Nacional
Plan Grupo Business Nacional 350	Fijos-Voz-Nacional
Plan Grupo Business Nacional 350	Fijos-Voz-Nacional
Plan Grupo Business Nacional 350	Fijos-Voz-Nacional
Plan Grupo Business Nacional 350	Fijos-Voz-Nacional
Plan Grupo Business Nacional 350	Fijos-Voz-Nacional
Plan Grupo Business Nacional 350	Fijos-Voz-Nacional
Plan Grupo Business Nacional 350	Fijos-Voz-Nacional
Plan Empresas 400 Min RCM CLR	Fijos-Voz-Nacional
Plan Empresas 400 Min RCM CLR	Fijos-Voz-Nacional
Plan Empresas 400 Min RCM CLR	Fijos-Voz-Nacional
Plan Empresas 300 Min RCM CLR	Fijos-Voz-Nacional
Plan Empresas 300 Min RCM CLR	Fijos-Voz-Nacional
Plan Empresas 300 Min RCM CLR	Fijos-Voz-Nacional
Plan Empresas 300 Min RCM CLR	Fijos-Voz-Nacional
Plan Empresas 300 Min RCM CLR	Fijos-Voz-Nacional
Plan Empresas 300 Min RCM CLR	Fijos-Voz-Nacional
Plan Empresas 200 Min RCM CL	Fijos-Voz-Nacional
Plan Empresas 200 Min RCM CL	Fijos-Voz-Nacional
Plan Empresas 200 Min RCM CL	Fijos-Voz-Nacional
Plan Empresas 200 Min RCM CL	Fijos-Voz-Nacional
Plan Empresas 200 Min RCM CL	Fijos-Voz-Nacional
Plan Empresas 100 Min RCM CLR	Fijos-Voz-Nacional
Plan Empresas 100 Min RCM CLR	Fijos-Voz-Nacional
Plan Empresas 100 Min RCM CLR	Fijos-Voz-Nacional
Plan Empresas 100 Min RCM CLR	Fijos-Voz-Nacional
Plan Empresas 100 Min RCM CLR	Fijos-Voz-Nacional
Plan Empresas 100 Min RCM CLR	Fijos-Voz-Nacional
Plan Empresas 0 Min RCM CLR	Fijos-Voz-Nacional
Plan Empresas 0 Min RCM CLR	Fijos-Voz-Nacional
Plan Control RCM Negocios	Fijos-Voz-Nacional
Plan Control RCM Negocios	Fijos-Voz-Nacional
Plan Control A12	Fijos-Voz-Nacional
Plan Business Nacional 620 GC	Fijos-Voz-Nacional
Plan Business Nacional 620 GC	Fijos-Voz-Nacional
Plan Business Nacional 245 GC	Fijos-Voz-Nacional
Plan Business Nacional 245 GC	Fijos-Voz-Nacional
Pack Minutos Aire Libre	Fijos-Voz-Nacional
Pack Llamadas Ilimitadas a Claro	Fijos-Voz-Nacional
Pack Llamadas Ilimitadas a Claro	Fijos-Voz-Nacional
OFM11	Fijos-Voz-Nacional
EMPRESAS 500 MIN RCM CLR	Fijos-Voz-Nacional
EMPRESAS 500 MIN RCM CLR	Fijos-Voz-Nacional
EMPRESAS 500 MIN RCM CLR	Fijos-Voz-Nacional
EMPRESAS 500 MIN RCM CLR	Fijos-Voz-Nacional
EMPRESAS 500 MIN RCM CLR	Fijos-Voz-Nacional
EMPRESAS 500 MIN RCM CLR	Fijos-Voz-Nacional
EMPRESAS 100 MIN RCM CLR	Fijos-Voz-Nacional
EMPRESAS 100 MIN RCM CLR	Fijos-Voz-Nacional
EMPRESAS 100 MIN RCM CLR	Fijos-Voz-Nacional
EMPRESAS 100 MIN RCM CLR	Fijos-Voz-Nacional
Cargo Fijo Plan 861 SGO	Fijos-Voz-Nacional
Abono	Fijos-Voz-Nacional
Paquete de SMS	Fijos-Varios-Nacional SMS
Pack SMS Libres	Fijos-Varios-Nacional SMS
Pack SMS ilimitado Abono Libre	Fijos-Varios-Nacional SMS
Pack 250 SMS Libres	Fijos-Varios-Nacional SMS
Pack 250 SMS Libres	Fijos-Varios-Nacional SMS
Pack 200 SMS	Fijos-Varios-Nacional SMS
Pack 100 SMS Libres	Fijos-Varios-Nacional SMS
Pack 100 SMS Libres	Fijos-Varios-Nacional SMS
500 SMS Multidestino	Fijos-Varios-Nacional SMS
500 SMS Multidestino	Fijos-Varios-Nacional SMS
500 SMS Multidestino	Fijos-Varios-Nacional SMS
500 SMS Multidestino	Fijos-Varios-Nacional SMS
225 SMS Multidestino	Fijos-Varios-Nacional SMS
225 SMS Multidestino	Fijos-Varios-Nacional SMS
225 SMS Multidestino	Fijos-Varios-Nacional SMS
225 SMS Multidestino	Fijos-Varios-Nacional SMS
225 SMS Multidestino	Fijos-Varios-Nacional SMS
160 SMS Multidestino	Fijos-Varios-Nacional SMS
160 SMS Multidestino	Fijos-Varios-Nacional SMS
160 SMS Multidestino	Fijos-Varios-Nacional SMS
160 SMS Multidestino	Fijos-Varios-Nacional SMS
110 SMS Multidestino	Fijos-Varios-Nacional SMS
110 SMS Multidestino	Fijos-Varios-Nacional SMS
110 SMS Multidestino	Fijos-Varios-Nacional SMS
110 SMS Multidestino	Fijos-Varios-Nacional SMS
110 SMS Multidestino	Fijos-Varios-Nacional SMS
100 SMS Multidestino	Fijos-Varios-Nacional SMS
100 SMS Multidestino	Fijos-Varios-Nacional SMS
100 SMS Multidestino	Fijos-Varios-Nacional SMS
100 SMS Multidestino	Fijos-Varios-Nacional SMS
100 SMS Multidestino	Fijos-Varios-Nacional SMS
40 SMS Multidestino	Fijos-Varios-Nacional SMS
40 SMS Multidestino	Fijos-Varios-Nacional SMS
40 SMS Multidestino	Fijos-Varios-Nacional SMS
40 SMS Multidestino	Fijos-Varios-Nacional SMS
40 SMS Multidestino	Fijos-Varios-Nacional SMS
40 SMS Multidestino	Fijos-Varios-Nacional SMS
Trivia interac 29600	Variables-Servicios-Otros
Torpedos - Serviços (Torpedos, Hits, Jogos, etc.)	Variables-Servicios-Otros
Suscripción SMS Plus	Variables-Servicios-Otros
Suscripción de Contenido	Variables-Servicios-Otros
Suscripción Contenidos	Variables-Servicios-Otros
Suscripción Color SMS	Variables-Servicios-Otros
Suscripciones	Variables-Servicios-Otros
Spotify Premium	Variables-Servicios-Otros
Spotify Premium	Variables-Servicios-Otros
SMS Twitter al 89338	Variables-Servicios-Otros
SMS Trivia Intertron al 70703	Variables-Servicios-Otros
SMS Parquimetros	Variables-Servicios-Otros
SMS Info Emitido	Variables-Servicios-Otros
SMS Entretenimiento	Variables-Servicios-Otros
SMS del Alerta Personal	Variables-Servicios-Otros
SMS de Alerta U al 21021	Variables-Servicios-Otros
SMS de Alerta BM del 50555	Variables-Servicios-Otros
SMS de Alerta BM al 86527	Variables-Servicios-Otros
SMS de Alerta BM al 72720	Variables-Servicios-Otros
SMS de Alerta BM al 50555	Variables-Servicios-Otros
SMS de Alerta BM al 33577	Variables-Servicios-Otros
SMS de Alerta BM al 30777	Variables-Servicios-Otros
SMS de Alerta BM al 23123	Variables-Servicios-Otros
SMS de Alerta BM al 22210	Variables-Servicios-Otros
SMS Consultas Tarj. de crédito	Variables-Servicios-Otros
SMS Consultas Seguros/Alarmas	Variables-Servicios-Otros
SMS Consultas Bancarias	Variables-Servicios-Otros
SMS Blah! al 777	Variables-Servicios-Otros
SMS Banco Río al 22322	Variables-Servicios-Otros
SMS Alertas MDLP al 6357	Variables-Servicios-Otros
SMS Alertas Edenor al 28456	Variables-Servicios-Otros
SMS A Línea Fija del 7673457	Variables-Servicios-Otros
Servicio Tono de espera	Variables-Servicios-Otros
Servicio Asistencia 0911	Variables-Servicios-Otros
Servicio 800	Variables-Servicios-Otros
Servicio 007 Publiguias	Variables-Servicios-Otros
Servicio *727	Variables-Servicios-Otros
Servicio *100#	Variables-Servicios-Otros
Recargas Recau gestión y pagos	Variables-Servicios-Otros
Recargas Electrónicas RESA	Variables-Servicios-Otros
Recargas Electrónicas GIRE	Variables-Servicios-Otros
Publiguias 007	Variables-Servicios-Otros
Paquetes sms B 2442	Variables-Servicios-Otros
Paquete sms BM 23123	Variables-Servicios-Otros
Outros Serviços - Serviços (Torpedos, Hits, Jogos, etc.)	Variables-Servicios-Otros
Outros Serviços - Serviços (Torpedos, Hits, Jogos, etc.)	Variables-Servicios-Otros
Movistar Voz a Texto	Variables-Servicios-Otros
Movistar Voz a Texto	Variables-Servicios-Otros
Movistar Voz a Texto	Variables-Servicios-Otros
MMS	Variables-Servicios-Otros
MICROSHENZHEN S.A. (H2H)	Variables-Servicios-Otros
Mensajes Multimedia	Variables-Servicios-Otros
Mensajes Multimedia	Variables-Servicios-Otros
Mensajes Multimedia	Variables-Servicios-Otros
Mensajes Multimedia	Variables-Servicios-Otros
Mensajes de Texto Premium	Variables-Servicios-Otros
Mensajes de Texto a TIGO	Variables-Servicios-Otros
Mensajes de Texto a Movistar	Variables-Servicios-Otros
Mensajes de Texto a ETB	Variables-Servicios-Otros
Mensajes de Texto a Avantel	Variables-Servicios-Otros
Mens recibidos Cont. Premium	Variables-Servicios-Otros
Mens recibidos Cont. Premium	Variables-Servicios-Otros
Mens Multimedia Enviados	Variables-Servicios-Otros
Mens Multimedia Enviados	Variables-Servicios-Otros
Mens Casa Enviados	Variables-Servicios-Otros
Mens Casa Enviados	Variables-Servicios-Otros
Juegos PCS	Variables-Servicios-Otros
Juegos	Variables-Servicios-Otros
Informacion	Variables-Servicios-Otros
Genericos	Variables-Servicios-Otros
Genericos	Variables-Servicios-Otros
Futbol Movistar	Variables-Servicios-Otros
Códigos de descarga (PINES)	Variables-Servicios-Otros
Credito Bienvenida a Prepago	Variables-Servicios-Otros
Contestador  Personal  Fax	Variables-Servicios-Otros
Contenido 9009 Entretenimiento	Variables-Servicios-Otros
Contenido 833 Tonos de Espera	Variables-Servicios-Otros
Contenido 55255 CELMEDIA	Variables-Servicios-Otros
Contenido 50050 Celmedia	Variables-Servicios-Otros
Contenido 4652 Bank Boston	Variables-Servicios-Otros
Contenido 4652 Bank Boston	Variables-Servicios-Otros
Contenido 2121	Variables-Servicios-Otros
Chat Buscamigos	Variables-Servicios-Otros
Banelco Recargas de Saldo ISO	Variables-Servicios-Otros
Asist 3000 Telinfor	Variables-Servicios-Otros
Ajuste Numeros Amigos	Variables-Servicios-Otros
WVPN TEMPRESAS GENERICO	Fijos-Varios-Otros
WVPN TEMPRESAS GENERICO	Fijos-Varios-Otros
WVPN (APN Dedicado)	Fijos-Varios-Otros
WVPN (APN Dedicado)	Fijos-Varios-Otros
Wireless EmpresasAPN Ilimit MD	Fijos-Varios-Otros
Wireless EmpresasAPN Ilimit MD	Fijos-Varios-Otros
Wireless Empresas APN Genérico	Fijos-Varios-Otros
Wireless Empresas APN Genérico	Fijos-Varios-Otros
Wireless Empresas APN Dedicado	Fijos-Varios-Otros
Wireless Empresas APN Dedicado	Fijos-Varios-Otros
Tareas de Administración Movistar	Fijos-Varios-Otros
Tareas de Administración Movistar	Fijos-Varios-Otros
Serviço Tarifa Zero	Fijos-Varios-Otros
SERVICO GLOBAL	Fijos-Varios-Otros
Servicios y otros cargos	Fijos-Varios-Otros
Servicio Telefonia GSM	Fijos-Varios-Otros
Servicio Telefonia GSM	Fijos-Varios-Otros
Servicio básico iPhone	Fijos-Varios-Otros
Respaldo Agenda	Fijos-Varios-Otros
Refacturación Abono Mensual	Fijos-Varios-Otros
Red Privada Virtual Claro	Fijos-Varios-Otros
Red Privada Virtual Claro	Fijos-Varios-Otros
Red Privada Virtual Claro	Fijos-Varios-Otros
Red Privada Virtual Claro	Fijos-Varios-Otros
Red Privada Virtual Claro	Fijos-Varios-Otros
Red Privada Virtual Claro	Fijos-Varios-Otros
Red Privada Nacional	Fijos-Varios-Otros
Red Privada Nacional	Fijos-Varios-Otros
Red Privada Nacional	Fijos-Varios-Otros
Red Privada Nacional	Fijos-Varios-Otros
Protección Medium Emp Exento	Fijos-Varios-Otros
Protección GSM Medium Empresas	Fijos-Varios-Otros
Prestación RCM Empresas	Fijos-Varios-Otros
Prestación RCM Empresas	Fijos-Varios-Otros
Plan Seguro Localización GGCC	Fijos-Varios-Otros
Plan Seguro Localización GGCC	Fijos-Varios-Otros
Plan Seguro Localización GGCC	Fijos-Varios-Otros
Plan MDS Empresas	Fijos-Varios-Otros
Plan M2M Transmisión de Datos	Fijos-Varios-Otros
Plan M2M Transmisión de Datos	Fijos-Varios-Otros
Plan M2M Solo Datos + SMS	Fijos-Varios-Otros
Plan M2M Solo Datos + SMS	Fijos-Varios-Otros
Plan M2M Seguro Localización	Fijos-Varios-Otros
Plan M2M Seguro Localización	Fijos-Varios-Otros
Plan M2M Localización Móv. GSM	Fijos-Varios-Otros
Plan M2M Localización Móv. GSM	Fijos-Varios-Otros
Paquete Básico GSM Cuenta Segura	Fijos-Varios-Otros
Paquete Basico GSM Cuenta Segura	Fijos-Varios-Otros
Paquete Basico GSM	Fijos-Varios-Otros
Pack 1	Fijos-Varios-Otros
Pack 1	Fijos-Varios-Otros
Números Gratis 10 Líneas	Fijos-Varios-Otros
Números Gratis 10 Líneas	Fijos-Varios-Otros
Numeración Privada	Fijos-Varios-Otros
Numeración Privada	Fijos-Varios-Otros
Marcación  Abreviada	Fijos-Varios-Otros
Marcación  Abreviada	Fijos-Varios-Otros
M2M Datos 50 mb TE	Fijos-Varios-Otros
M2M Datos 50 mb TE	Fijos-Varios-Otros
M2M Datos 5 mb	Fijos-Varios-Otros
M2M Datos 5 mb	Fijos-Varios-Otros
Interflota Personal	Fijos-Varios-Otros
Integrante RPM	Fijos-Varios-Otros
Integrante RPM	Fijos-Varios-Otros
Gestor Online - Controle Completo	Fijos-Varios-Otros
Geocontrol 90	Fijos-Varios-Otros
Gastos Administrativos	Fijos-Varios-Otros
Gastos Administrativos	Fijos-Varios-Otros
Gastos Administrativos	Fijos-Varios-Otros
Gastos Administrativos	Fijos-Varios-Otros
Gastos Administrativos	Fijos-Varios-Otros
Gastos Administrativos	Fijos-Varios-Otros
Gastos Administrativos	Fijos-Varios-Otros
Facturación Electrónica	Fijos-Varios-Otros
Facturación Electrónica	Fijos-Varios-Otros
Facturación Electrónica	Fijos-Varios-Otros
Facturación Electrónica	Fijos-Varios-Otros
Facturación Electrónica	Fijos-Varios-Otros
Facturación Electrónica	Fijos-Varios-Otros
Facturación Electrónica	Fijos-Varios-Otros
Facturación Electrónica	Fijos-Varios-Otros
Facturación  Detallada	Fijos-Varios-Otros
Facturación  Detallada	Fijos-Varios-Otros
Facturación  Detallada	Fijos-Varios-Otros
Facturación  Detallada	Fijos-Varios-Otros
Factura Digital	Fijos-Varios-Otros
Detalle electrónico	Fijos-Varios-Otros
Detalle electrónico	Fijos-Varios-Otros
Detalle electrónico	Fijos-Varios-Otros
Detalle electrónico	Fijos-Varios-Otros
Detalle electrónico	Fijos-Varios-Otros
Detalle de llamadas	Fijos-Varios-Otros
Control de Frío Plus 1-5	Fijos-Varios-Otros
Control de Frío Plus 1-5	Fijos-Varios-Otros
Consumos On Line	Fijos-Varios-Otros
Cargos Proporcionales y Reintegros	Fijos-Varios-Otros
Cargos Fijos de Servicios de Valor Agregado	Fijos-Varios-Otros
Cargos Administrativos	Fijos-Varios-Otros
Bolsa Intrared Retencion	Fijos-Varios-Otros
AVL -  LOCAL - AR	Fijos-Varios-Otros
Assinatura	Fijos-Varios-Otros
Alquiler	Fijos-Varios-Otros
Suspensión Temporaria 60 días	Variables-Varios-Otros
Suspensión Temporaria 30 días	Variables-Varios-Otros
Suspensión Robo o Pérdida	Variables-Varios-Otros
Susp.Voluntaria Parcial 30días	Variables-Varios-Otros
Sobra de franquia para uso posterior - Crédito para Mês Seguinte	Variables-Varios-Otros
Sobra de franquia não utilizada (expirada)	Variables-Varios-Otros
Sobra de franquia anterior - Crédito de Meses Anteriores	Variables-Varios-Otros
Servicio Respaldo de Agenda	Variables-Varios-Otros
Refacturación Otros Servicios	Variables-Varios-Otros
Multa por Quebra de Contrato	Variables-Varios-Otros
Multa por atraso de pagamento	Variables-Varios-Otros
Interes por Mora	Variables-Varios-Otros
Interes por Mora	Variables-Varios-Otros
Envío a Domicilio	Variables-Varios-Otros
Envío a Domicilio	Variables-Varios-Otros
Desconto	Variables-Varios-Otros
Derecho a reconexión del servicio	Variables-Varios-Otros
Derecho a reconexión del servicio	Variables-Varios-Otros
Dcto. Indisponib.De Servicio 48 Horas	Variables-Varios-Otros
Dcto. Indisponib.De Servicio 24 Horas	Variables-Varios-Otros
Dcto. Indisponib.De Servicio 2 Horas	Variables-Varios-Otros
Cuota Mensual Promocion	Variables-Varios-Otros
Correccion abono mensual	Variables-Varios-Otros
Conexión al Servicio	Variables-Varios-Otros
Conexión al Servicio	Variables-Varios-Otros
Cobertura Integral	Variables-Varios-Otros
CIUDAD CELULAR S.R.L.(H2H)	Variables-Varios-Otros
Cargo por Suspensión Provisoria	Variables-Varios-Otros
Cargo por programación equipo	Variables-Varios-Otros
Cargo por programación equipo	Variables-Varios-Otros
Cargo por Mora Pago Anterior	Variables-Varios-Otros
Cargo por Gestión Administrativa	Variables-Varios-Otros
Cargo por Cambio de Número	Variables-Varios-Otros
Cargo de Activación	Variables-Varios-Otros
Cargo de Activación	Variables-Varios-Otros
Cargo de Activacion	Variables-Varios-Otros
Cargo de Activacion	Variables-Varios-Otros
Cargo Administrativo por renov eq 2 cuota	Variables-Varios-Otros
Cargo administrativo por pago fuera de término	Variables-Varios-Otros
Carga desbloqueo Gama Premium GI	Variables-Varios-Otros
Cambio De Numero	Variables-Varios-Otros
Cambio de Abono	Variables-Varios-Otros
Acreditacion de otros servicios	Variables-Varios-Otros
Percepción R.G. 212/98	Impuestos-Percepcion-Percepcion
Percepción IVA RG2408/08 3%	Impuestos-Percepcion-Percepcion
Percepción IVA 3% Crédito	Impuestos-Percepcion-Percepcion
Percepción IVA 3%	Impuestos-Percepcion-Percepcion
Percepción IVA 3%	Impuestos-Percepcion-Percepcion
Percepción Ingr.Brutos San Luis	Impuestos-Percepcion-Percepcion
Percepción Ingr.Brutos Neuquén	Impuestos-Percepcion-Percepcion
Percepción Ingr.Brutos Neuquén	Impuestos-Percepcion-Percepcion
Percepción Ingr.Brutos Mendoza	Impuestos-Percepcion-Percepcion
Percepción Ingr.Brutos La Rioja	Impuestos-Percepcion-Percepcion
Percepción Ingr.Brutos La Rioja	Impuestos-Percepcion-Percepcion
Percepción Ingr.Brutos Jujuy	Impuestos-Percepcion-Percepcion
Percepción Ingr.Brutos Jujuy	Impuestos-Percepcion-Percepcion
Percepción Ingr.Brutos Corrientes	Impuestos-Percepcion-Percepcion
Percepción Ingr.Brutos Corrientes	Impuestos-Percepcion-Percepcion
Percepción Ingr.Brutos Chaco	Impuestos-Percepcion-Percepcion
Percepción Ingr.Brutos Chaco	Impuestos-Percepcion-Percepcion
Percepción IIBB- DN B 1/2004	Impuestos-Percepcion-Percepcion
Percepción IIBB Tucumán RG 86/00 - 5%	Impuestos-Percepcion-Percepcion
Percepción IIBB San Luis RG 16/07 4%	Impuestos-Percepcion-Percepcion
Percepción IIBB San Luis RG 16/07 2%	Impuestos-Percepcion-Percepcion
Percepción IIBB Jujuy RG nº 1328 1.5%	Impuestos-Percepcion-Percepcion
Percepción IIBB Formosa 3%	Impuestos-Percepcion-Percepcion
Percepción IIBB Formosa 1%	Impuestos-Percepcion-Percepcion
Percepción IIBB DN B 01/04 Bs.As. 0,20%M	Impuestos-Percepcion-Percepcion
Percepción IIBB DN B 01/04 Bs.As. 0,20%M	Impuestos-Percepcion-Percepcion
Percepción IIBB Corrientes RG 2.25%	Impuestos-Percepcion-Percepcion
Percepción IIBB Chaco RG 1194/94 RI 2%	Impuestos-Percepcion-Percepcion
Percepción IIBB Chaco RG 1194/94 4.5%	Impuestos-Percepcion-Percepcion
Percepción IIBB CF RG 155/2010	Impuestos-Percepcion-Percepcion
Percepción IIBB CF RG 155/2010	Impuestos-Percepcion-Percepcion
Percepción IIBB CABA Alto Riesgo Fiscal 6%	Impuestos-Percepcion-Percepcion
Percepción IIBB CABA 3.5%	Impuestos-Percepcion-Percepcion
Percepción IIBB Buenos Aires DN B 1/2004	Impuestos-Percepcion-Percepcion
Percepción IIBB Buenos Aires DN B 1/2004	Impuestos-Percepcion-Percepcion
Percepción IIBB Buenos Aires  8%	Impuestos-Percepcion-Percepcion
Percepción IB SJ(IncLH) 10.8%	Impuestos-Percepcion-Percepcion
Percepción IB SJ(IncLH) 10.8%	Impuestos-Percepcion-Percepcion
Percepción I.V.A.	Impuestos-Percepcion-Percepcion
Servicio Stop Personal	Fijos-Varios-Perfiles
Servicio Stop Personal	Fijos-Varios-Perfiles
Servicio Stop Personal	Fijos-Varios-Perfiles
Servicio Stop Personal	Fijos-Varios-Perfiles
Servicio Mi Numero Personal	Fijos-Varios-Perfiles
Servicio Mi Numero Personal	Fijos-Varios-Perfiles
Restricción Ident. de Llamadas	Fijos-Varios-Perfiles
Restricción de MT y MO	Fijos-Varios-Perfiles
Restricción de MT y MO	Fijos-Varios-Perfiles
Restricción de ID GSM	Fijos-Varios-Perfiles
Restricción de ID GSM	Fijos-Varios-Perfiles
Restricción de datos	Fijos-Varios-Perfiles
Restricción de datos	Fijos-Varios-Perfiles
Perfil de restr Y permisos	Fijos-Varios-Perfiles
Perfil de restr Y permisos	Fijos-Varios-Perfiles
Límite de perfiles	Fijos-Varios-Perfiles
Límite de perfiles	Fijos-Varios-Perfiles
Llamadas Sal. Perm. y Restring	Fijos-Varios-Perfiles
Llamadas Sal. Perm. y Restring	Fijos-Varios-Perfiles
Llamadas Ent. Perm. y Restring	Fijos-Varios-Perfiles
Minutos Radio	Variables-Excedente-Radio
Reposición Robo/Destruc Equipo	Variables-Varios-Reparaciones
Reparación Equipo	Variables-Varios-Reparaciones
Reparación Equipo	Variables-Varios-Reparaciones
Reparación	Variables-Varios-Reparaciones
Rep Rotura Leve G Plat Diam	Variables-Varios-Reparaciones
Rep Rotura Leve G Plat Diam	Variables-Varios-Reparaciones
Rep Rotura Grave Gama Plata	Variables-Varios-Reparaciones
Rep Rotura Grave Gama Plata	Variables-Varios-Reparaciones
Rep Rotura Grave G Plat Diam	Variables-Varios-Reparaciones
Rep Rotura Grave G Plat Diam	Variables-Varios-Reparaciones
Cargos Gestión Servicio Técnico	Variables-Varios-Reparaciones
Cargo Reinstalción Equipo	Variables-Varios-Reparaciones
Cargo Reinstalción Equipo	Variables-Varios-Reparaciones
Cargo por Actualización	Variables-Varios-Reparaciones
Cargo por Actualización	Variables-Varios-Reparaciones
Cargo desbloqueo Gama Platino o Dia	Variables-Varios-Reparaciones
Cargo desbloqueo Gama Platino o Dia	Variables-Varios-Reparaciones
Cargo desbloqueo Gama Plata	Variables-Varios-Reparaciones
Cargo desbloqueo Gama Low Premium	Variables-Varios-Reparaciones
Cargo desbloqueo Gama Low Premium	Variables-Varios-Reparaciones
Cargo desbloqueo Gama Bronce o Cob	Variables-Varios-Reparaciones
Cargo desbloqueo Gama Bronce o Cob	Variables-Varios-Reparaciones
Internet Roaming	Variables-Internacional-Roaming Datos
Internet Por dia Roaming	Variables-Internacional-Roaming Datos
Internet Movil Roaming	Variables-Internacional-Roaming Datos
Consumos Celular N°Especiales	Variables-Internacional-Roaming Datos
Consumos Celular DATOS ZONA 8	Variables-Internacional-Roaming Datos
Consumos Celular DATOS ZONA 7	Variables-Internacional-Roaming Datos
Consumos Celular DATOS ZONA 6	Variables-Internacional-Roaming Datos
Consumos Celular DATOS ZONA 5	Variables-Internacional-Roaming Datos
Consumos Celular DATOS ZONA 4	Variables-Internacional-Roaming Datos
Consumos Celular DATOS ZONA 3	Variables-Internacional-Roaming Datos
Consumos Celular DATOS ZONA 2	Variables-Internacional-Roaming Datos
Consumos Celular DATOS ZONA 1	Variables-Internacional-Roaming Datos
Torpedos Enviados no Exterior	Variables-Internacional-Roaming SMS
SMS Roaming	Variables-Internacional-Roaming SMS
SMS Roaming	Variables-Internacional-Roaming SMS
Mensajes Roaming Uruguay	Variables-Internacional-Roaming SMS
Mensajes Roaming Cuba	Variables-Internacional-Roaming SMS
Mensajes Persona-Persona Internacionales	Variables-Internacional-Roaming SMS
Mensaje de Texto Roaming	Variables-Internacional-Roaming SMS
Trafico Roaming	Variables-Internacional-Roaming Voz
Roaming Usa (T-Mobile 6)	Variables-Internacional-Roaming Voz
Roaming Usa (Cingular Wireless )	Variables-Internacional-Roaming Voz
Roaming Uruguay (Abiatar S.A)	Variables-Internacional-Roaming Voz
Roaming Telefonica Moviles Costa Rica	Variables-Internacional-Roaming Voz
Roaming Suiza (Swisscom)	Variables-Internacional-Roaming Voz
Roaming Suiza (Sunrise)	Variables-Internacional-Roaming Voz
Roaming Suiza (Orange Gsm)	Variables-Internacional-Roaming Voz
Roaming Rep. Dominicana (Ftd - Orange)	Variables-Internacional-Roaming Voz
Roaming Reino Unido (O2 Uk)	Variables-Internacional-Roaming Voz
Roaming Peru (Movistar Permo)	Variables-Internacional-Roaming Voz
Roaming Panama (Movistar)	Variables-Internacional-Roaming Voz
Roaming Mexico (Pegaso Movistar Gsm)	Variables-Internacional-Roaming Voz
Roaming Italia (Wind Gsm)	Variables-Internacional-Roaming Voz
Roaming Internacional	Variables-Internacional-Roaming Voz
Roaming Francia (Orange 208)	Variables-Internacional-Roaming Voz
Roaming Espana (Telefonica Movil)	Variables-Internacional-Roaming Voz
Roaming Colombia (Movistar)	Variables-Internacional-Roaming Voz
Roaming Brasil (Vivo Brasil)	Variables-Internacional-Roaming Voz
Roaming Brasil (Vivo Brasil 3)	Variables-Internacional-Roaming Voz
Roaming Brasil (Vivo Brasil 2)	Variables-Internacional-Roaming Voz
Roaming Argentina (Unifon)	Variables-Internacional-Roaming Voz
Roaming Alemania (O2 Germany)	Variables-Internacional-Roaming Voz
Minutos Roaming Uruguay	Variables-Internacional-Roaming Voz
Minutos Roaming Suiza	Variables-Internacional-Roaming Voz
Minutos Roaming Sudafrica	Variables-Internacional-Roaming Voz
Minutos Roaming Rumania	Variables-Internacional-Roaming Voz
Minutos Roaming Republica Domi	Variables-Internacional-Roaming Voz
Minutos Roaming Republica Chec	Variables-Internacional-Roaming Voz
Minutos Roaming Reino Unido	Variables-Internacional-Roaming Voz
Minutos Roaming Portugal	Variables-Internacional-Roaming Voz
Minutos Roaming Peru	Variables-Internacional-Roaming Voz
Minutos Roaming Paraguay	Variables-Internacional-Roaming Voz
Minutos Roaming Panama	Variables-Internacional-Roaming Voz
Minutos Roaming OFF Suiza	Variables-Internacional-Roaming Voz
Minutos Roaming OFF Reino Unido	Variables-Internacional-Roaming Voz
Minutos Roaming OFF Mexico	Variables-Internacional-Roaming Voz
Minutos Roaming OFF Luxemburgo	Variables-Internacional-Roaming Voz
Minutos Roaming OFF Italia	Variables-Internacional-Roaming Voz
Minutos Roaming OFF Emiratos Arabes	Variables-Internacional-Roaming Voz
Minutos Roaming OFF Chile	Variables-Internacional-Roaming Voz
Minutos Roaming OFF Brasil	Variables-Internacional-Roaming Voz
Minutos Roaming OFF Alemania	Variables-Internacional-Roaming Voz
Minutos Roaming Mexico	Variables-Internacional-Roaming Voz
Minutos Roaming Luxemburgo	Variables-Internacional-Roaming Voz
Minutos Roaming Japon	Variables-Internacional-Roaming Voz
Minutos Roaming Jamaica	Variables-Internacional-Roaming Voz
Minutos Roaming Italia	Variables-Internacional-Roaming Voz
Minutos Roaming Islas Virgenes	Variables-Internacional-Roaming Voz
Minutos Roaming Indonesia	Variables-Internacional-Roaming Voz
Minutos Roaming Holanda	Variables-Internacional-Roaming Voz
Minutos Roaming Francia	Variables-Internacional-Roaming Voz
Minutos Roaming Estados Unidos	Variables-Internacional-Roaming Voz
Minutos Roaming Eslovaquia	Variables-Internacional-Roaming Voz
Minutos Roaming Emiratos Arabe	Variables-Internacional-Roaming Voz
Minutos Roaming Egipto	Variables-Internacional-Roaming Voz
Minutos Roaming Ecuador	Variables-Internacional-Roaming Voz
Minutos Roaming Cuba	Variables-Internacional-Roaming Voz
Minutos Roaming Colombia	Variables-Internacional-Roaming Voz
Minutos Roaming China	Variables-Internacional-Roaming Voz
Minutos Roaming Chile	Variables-Internacional-Roaming Voz
Minutos Roaming Brasil	Variables-Internacional-Roaming Voz
Minutos Roaming Bolivia	Variables-Internacional-Roaming Voz
Minutos Roaming Aruba	Variables-Internacional-Roaming Voz
Minutos Roaming Antillas Holan	Variables-Internacional-Roaming Voz
Minutos Roaming Alemania	Variables-Internacional-Roaming Voz
Minutos Exc_Ligações e Serviços no exterior 21 - Embratel	Variables-Internacional-Roaming Voz
Minutos Exc_Internacionais 21 - Embratel	Variables-Internacional-Roaming Voz
Mensajeria Internacional	Variables-Internacional-Roaming Voz
Llamadas Roaming	Variables-Internacional-Roaming Voz
Llamadas Internacionales	Variables-Internacional-Roaming Voz
Llamadas Internacionales	Variables-Internacional-Roaming Voz
Depósito Garantía(Roaming+DDN)	Variables-Internacional-Roaming Voz
Depósito Garantía(Roaming+DDN)	Variables-Internacional-Roaming Voz
DDI y Roaming Internacional	Variables-Internacional-Roaming Voz
Consumos Celular USA AT&T3	Variables-Internacional-Roaming Voz
Consumos Celular URUGUAY ANTL	Variables-Internacional-Roaming Voz
Consumos Celular UK VODAFONE	Variables-Internacional-Roaming Voz
Consumos Celular TURQUIA VF	Variables-Internacional-Roaming Voz
Consumos Celular SUIZA SWISS	Variables-Internacional-Roaming Voz
Consumos Celular SUIZA ORANGE	Variables-Internacional-Roaming Voz
Consumos Celular SUECIA TLNOR	Variables-Internacional-Roaming Voz
Consumos Celular SINGAPUR STA	Variables-Internacional-Roaming Voz
Consumos Celular RUMANIA VF	Variables-Internacional-Roaming Voz
Consumos Celular REPCHECA VOD	Variables-Internacional-Roaming Voz
Consumos Celular REP.DOM. ORA	Variables-Internacional-Roaming Voz
Consumos Celular R.CHECA TMBL	Variables-Internacional-Roaming Voz
Consumos Celular PORTUGAL VOD	Variables-Internacional-Roaming Voz
Consumos Celular PORTUGAL OPT	Variables-Internacional-Roaming Voz
Consumos Celular PERU NEXTEL	Variables-Internacional-Roaming Voz
Consumos Celular PERU MVS	Variables-Internacional-Roaming Voz
Consumos Celular PARAGUAY PER	Variables-Internacional-Roaming Voz
Consumos Celular PANAMA MVS	Variables-Internacional-Roaming Voz
Consumos Celular PANAMA DGC	Variables-Internacional-Roaming Voz
Consumos Celular NORUEGA TNOR	Variables-Internacional-Roaming Voz
Consumos Celular MEXICO TLCEL	Variables-Internacional-Roaming Voz
Consumos Celular MEXICO MVS	Variables-Internacional-Roaming Voz
Consumos Celular MEXICO IUSAC	Variables-Internacional-Roaming Voz
Consumos Celular MCP MARITIMA	Variables-Internacional-Roaming Voz
Consumos Celular MCP AEREA	Variables-Internacional-Roaming Voz
Consumos Celular MARRUECOS WA	Variables-Internacional-Roaming Voz
Consumos Celular MALASIA MXIS	Variables-Internacional-Roaming Voz
Consumos Celular LUXEMBUR TA	Variables-Internacional-Roaming Voz
Consumos Celular LUXEMBUR P&T	Variables-Internacional-Roaming Voz
Consumos Celular JAPON NTT DO	Variables-Internacional-Roaming Voz
Consumos Celular ITALIA VODA	Variables-Internacional-Roaming Voz
Consumos Celular ITALIA TIM	Variables-Internacional-Roaming Voz
Consumos Celular ISRAEL PHONE	Variables-Internacional-Roaming Voz
Consumos Celular INDONESIA TE	Variables-Internacional-Roaming Voz
Consumos Celular INDIA BA1	Variables-Internacional-Roaming Voz
Consumos Celular HUNGRIA VODA	Variables-Internacional-Roaming Voz
Consumos Celular HONG KONG HI	Variables-Internacional-Roaming Voz
Consumos Celular HOLANDA VODA	Variables-Internacional-Roaming Voz
Consumos Celular HOLANDA TMOB	Variables-Internacional-Roaming Voz
Consumos Celular HOLANDA KPN	Variables-Internacional-Roaming Voz
Consumos Celular GUATEMALA TI	Variables-Internacional-Roaming Voz
Consumos Celular GRECIA VODA	Variables-Internacional-Roaming Voz
Consumos Celular FRANCIA ORAN	Variables-Internacional-Roaming Voz
Consumos Celular FRANCIA BYG	Variables-Internacional-Roaming Voz
Consumos Celular ESPAÑA VODA	Variables-Internacional-Roaming Voz
Consumos Celular ESPAÑA VODA	Variables-Internacional-Roaming Voz
Consumos Celular ESPAÑA ORNGE	Variables-Internacional-Roaming Voz
Consumos Celular ESPAÑA MVS	Variables-Internacional-Roaming Voz
Consumos Celular ESPAÑA MVS	Variables-Internacional-Roaming Voz
Consumos Celular EMIRATOS DU	Variables-Internacional-Roaming Voz
Consumos Celular ECUADOR MVS	Variables-Internacional-Roaming Voz
Consumos Celular DINAMARCA TL	Variables-Internacional-Roaming Voz
Consumos Celular CUBA CCEL	Variables-Internacional-Roaming Voz
Consumos Celular CROACIA TMOB	Variables-Internacional-Roaming Voz
Consumos Celular COSTA RICA	Variables-Internacional-Roaming Voz
Consumos Celular COREA SKT	Variables-Internacional-Roaming Voz
Consumos Celular COLOMBIA TIG	Variables-Internacional-Roaming Voz
Consumos Celular COLOMBIA MVS	Variables-Internacional-Roaming Voz
Consumos Celular CHINA UNICOM	Variables-Internacional-Roaming Voz
Consumos Celular CHINA MOBIL1	Variables-Internacional-Roaming Voz
Consumos Celular CHILE ENTEL	Variables-Internacional-Roaming Voz
Consumos Celular CARIBE DGC	Variables-Internacional-Roaming Voz
Consumos Celular CANADA TELUS	Variables-Internacional-Roaming Voz
Consumos Celular CANADA ROGER	Variables-Internacional-Roaming Voz
Consumos Celular BRASIL TIM S	Variables-Internacional-Roaming Voz
Consumos Celular BRASIL TIM N	Variables-Internacional-Roaming Voz
Consumos Celular BRASIL TIM	Variables-Internacional-Roaming Voz
Consumos Celular BOLIVIA TLCL	Variables-Internacional-Roaming Voz
Consumos Celular BOLIVIA NVTL	Variables-Internacional-Roaming Voz
Consumos Celular BOLIVIA ENTL	Variables-Internacional-Roaming Voz
Consumos Celular BELGICA MOBI	Variables-Internacional-Roaming Voz
Consumos Celular BELGICA BELG	Variables-Internacional-Roaming Voz
Consumos Celular AUSTRIA TMB	Variables-Internacional-Roaming Voz
Consumos Celular AUSTRALIA VF	Variables-Internacional-Roaming Voz
Consumos Celular ATT MARITIMA	Variables-Internacional-Roaming Voz
Consumos Celular ALEMANIA VOD	Variables-Internacional-Roaming Voz
Consumos Celular ALEMANIA TMB	Variables-Internacional-Roaming Voz
Consumos Celular A.SAUDITA MO	Variables-Internacional-Roaming Voz
Ajuste Consumos de Roaming	Variables-Internacional-Roaming Voz
Ajuste Consumos de Roaming	Variables-Internacional-Roaming Voz
TARIFA BASICA - Mensualidad Acceso a Internet 4G	Fijos-Datos-Smartphone
Servicio de Datos	Fijos-Datos-Smartphone
Servicio de Datos	Fijos-Datos-Smartphone
SERVICIO DE ACCESO A INTERNET - Internet 4G	Fijos-Datos-Smartphone
Serv. Cargo Fijo Plan de Datos	Fijos-Datos-Smartphone
Proporcional Pack Internet Móvil 5 GB	Fijos-Datos-Smartphone
Plano Internet Corp Ilimitado 3GB	Fijos-Datos-Smartphone
Plano Internet 3GB	Fijos-Datos-Smartphone
PLANO BASICO INTERNET	Fijos-Datos-Smartphone
PLANO BASICO INTERNET	Fijos-Datos-Smartphone
PAQUETE INTERNET	Fijos-Datos-Smartphone
PAQUETE INTERNET	Fijos-Datos-Smartphone
Pacote Ilimitado Internet 2GB	Fijos-Datos-Smartphone
Pacote Ilimitado Internet 2GB	Fijos-Datos-Smartphone
Pack Internet Móvil 5 GB	Fijos-Datos-Smartphone
Pack Internet Movil 3 GB	Fijos-Datos-Smartphone
Pack Internet Movil 3 GB	Fijos-Datos-Smartphone
Pack Internet Movil 3 GB	Fijos-Datos-Smartphone
Pack Internet Movil 3 GB	Fijos-Datos-Smartphone
Pack Datos GPRS Libres	Fijos-Datos-Smartphone
INTERNET MOVEL 3GB EMPRESA	Fijos-Datos-Smartphone
INTERNET MOVEL 3GB EMP 4G	Fijos-Datos-Smartphone
INTERNET MOVEL 20GB EMP 4G	Fijos-Datos-Smartphone
INTERNET MOVEL 10GB EMP 4G	Fijos-Datos-Smartphone
Internet ilimitado NEG (IEM)	Fijos-Datos-Smartphone
Internet ilimitado NEG (IEM)	Fijos-Datos-Smartphone
Internet ilimitado NEG (IEM)	Fijos-Datos-Smartphone
Internet en tu Movistar 3GB	Fijos-Datos-Smartphone
Internet en tu Movistar 1GB	Fijos-Datos-Smartphone
Internet En El Movil Tecnologico 5gb	Fijos-Datos-Smartphone
Internet 3G Ilimitado	Fijos-Datos-Smartphone
Internet 3G Ilimitado	Fijos-Datos-Smartphone
INTERNET 3 GB	Fijos-Datos-Smartphone
INTERNET 3 GB	Fijos-Datos-Smartphone
INTERNET 10 GB	Fijos-Datos-Smartphone
INTERNET 10 GB	Fijos-Datos-Smartphone
Internet  Movistar Ilimitado	Fijos-Datos-Smartphone
Internet  Movistar Ilimitado	Fijos-Datos-Smartphone
Internet  Movistar Ilimitado	Fijos-Datos-Smartphone
Internet  Movistar Ilimitado	Fijos-Datos-Smartphone
GPRS Corp. 8 Mb	Fijos-Datos-Smartphone
Conectividad Basica 50 MB	Fijos-Datos-Smartphone
Conectividad Basica 50 MB	Fijos-Datos-Smartphone
Conectividad Basica 5 MB	Fijos-Datos-Smartphone
Conectividad Basica 5 MB	Fijos-Datos-Smartphone
Cargo Fijo Servicio Vpn Empresas	Fijos-Datos-Smartphone
Bolsa Internet Movil Pro 3GB	Fijos-Datos-Smartphone
Bolsa Internet Movil Plus	Fijos-Datos-Smartphone
Banda Larga 3G 1 Mbps	Fijos-Datos-Smartphone
SMS Excedentes Chile	Variables-Servicios-SMS Excedentes
SMS Excedentes Chile	Variables-Servicios-SMS Excedentes
SMS Excedentes Chile	Variables-Servicios-SMS Excedentes
SMS Excedentes Chile	Variables-Servicios-SMS Excedentes
SMS Excedentes Chile	Variables-Servicios-SMS Excedentes
SMS Excedentes Chile	Variables-Servicios-SMS Excedentes
SMS Excedentes Chile	Variables-Servicios-SMS Excedentes
SMS Excedentes Chile	Variables-Servicios-SMS Excedentes
SMS Excedentes Chile	Variables-Servicios-SMS Excedentes
SMS Excedentes Chile	Variables-Servicios-SMS Excedentes
SMS Excedentes Chile	Variables-Servicios-SMS Excedentes
SMS Excedentes Chile	Variables-Servicios-SMS Excedentes
SMS Excedentes	Variables-Servicios-SMS Excedentes
SMS Excedentes	Variables-Servicios-SMS Excedentes
SMS Excedentes	Variables-Servicios-SMS Excedentes
SMS Excedentes	Variables-Servicios-SMS Excedentes
SMS Excedentes	Variables-Servicios-SMS Excedentes
SMS Excedentes	Variables-Servicios-SMS Excedentes
SMS Excedentes	Variables-Servicios-SMS Excedentes
SMS Excedentes	Variables-Servicios-SMS Excedentes
SMS Excedentes	Variables-Servicios-SMS Excedentes
SMS Excedentes	Variables-Servicios-SMS Excedentes
SMS Excedentes	Variables-Servicios-SMS Excedentes
SMS Excedentes	Variables-Servicios-SMS Excedentes
SMS Excedentes	Variables-Servicios-SMS Excedentes
SMS Excedentes	Variables-Servicios-SMS Excedentes
SMS Libres PULA	Variables-Servicios-SMS Incluidos
SMS Incluidos	Variables-Servicios-SMS Incluidos
SMS Incluidos	Variables-Servicios-SMS Incluidos
SMS Incluidos	Variables-Servicios-SMS Incluidos
SMS Incluidos	Variables-Servicios-SMS Incluidos
SMS Incluidos	Variables-Servicios-SMS Incluidos
Bolsa Sms	Variables-Servicios-SMS Incluidos
Prip! Smart Ejecutivo	Fijos-Varios-Todo Incluido
Prip! Smart 200 E Stop	Fijos-Varios-Todo Incluido
Prip! Smart 200 E	Fijos-Varios-Todo Incluido
Plan Comunidad Negocios 1 GB	Fijos-Varios-Todo Incluido
Plan Comunidad Empresas 5 GB	Fijos-Varios-Todo Incluido
Plan Comunidad Empresas 5 GB	Fijos-Varios-Todo Incluido
Plan Comunidad Empresas 4 GB	Fijos-Varios-Todo Incluido
Plan Comunidad Empresas 4 GB	Fijos-Varios-Todo Incluido
Plan Comunidad Empresas 1 GB	Fijos-Varios-Todo Incluido
À Cobrar - Ligações Locais	Variables-Excedente-Voz Aire
Tiempo Call Delivery Roaming N	Variables-Excedente-Voz Aire
Secretária Claro - Ligações para números especiais	Variables-Excedente-Voz Aire
Refacturación Tiempo de Aire	Variables-Excedente-Voz Aire
Minutos Video Llamada a Móvil Claro	Variables-Excedente-Voz Aire
Minutos Telefonia	Variables-Excedente-Voz Aire
Minutos Sáb/Dom/Feriado	Variables-Excedente-Voz Aire
Minutos Hora Pico Comunidad	Variables-Excedente-Voz Aire
Minutos Hora Pico	Variables-Excedente-Voz Aire
Minutos Hora No Pico Comunidad	Variables-Excedente-Voz Aire
Minutos Hora No Pico	Variables-Excedente-Voz Aire
Minutos Excedentes	Variables-Excedente-Voz Aire
Minutos Excedentes	Variables-Excedente-Voz Aire
Minutos Exc.Extragrupo	Variables-Excedente-Voz Aire
Minutos Exc.Extragrupo	Variables-Excedente-Voz Aire
Minutos Exc.Extragrupo	Variables-Excedente-Voz Aire
Minutos Exc.Extragrupo	Variables-Excedente-Voz Aire
Minutos Exc.Extragrupo	Variables-Excedente-Voz Aire
Minutos Exc.Extragrupo	Variables-Excedente-Voz Aire
Minutos Exc Hora Pico a Virtuales	Variables-Excedente-Voz Aire
Minutos a Teléfonos Fijos	Variables-Excedente-Voz Aire
Minutos a Teléfonos Fijos	Variables-Excedente-Voz Aire
Minutos a Red Fija H. Normal	Variables-Excedente-Voz Aire
Minutos a Red Fija H. Bajo	Variables-Excedente-Voz Aire
Minutos a Otras Cias H. Normal	Variables-Excedente-Voz Aire
Minutos a Otras Cias H. Bajo	Variables-Excedente-Voz Aire
Minutos a Móviles Externos	Variables-Excedente-Voz Aire
Minutos a Móviles Externos	Variables-Excedente-Voz Aire
Minutos a Móviles del Cliente	Variables-Excedente-Voz Aire
Minutos a Móviles Claro	Variables-Excedente-Voz Aire
Minutos a Móviles Claro	Variables-Excedente-Voz Aire
Minutos a Móviles Claro	Variables-Excedente-Voz Aire
Minutos a Móviles Claro	Variables-Excedente-Voz Aire
Minutos a Entel H. Normal	Variables-Excedente-Voz Aire
Minutos a Entel H. Bajo	Variables-Excedente-Voz Aire
Llamadas Locales	Variables-Excedente-Voz Aire
Llamadas a Números Especiales	Variables-Excedente-Voz Aire
Llamadas a Números Especiales	Variables-Excedente-Voz Aire
Llamada Movistar por Cobrar	Variables-Excedente-Voz Aire
Int. Regional - Interurbanas e Rec. em viagem 41 - TIM	Variables-Excedente-Voz Aire
Int. Regional - Interurbanas e Rec. em viagem 31 - Telemar	Variables-Excedente-Voz Aire
Int. Regional - Interurbanas e Rec. em viagem 21 - Embratel	Variables-Excedente-Voz Aire
Int. Nacional - Interurbanas e Rec. em viagem 41 - TIM	Variables-Excedente-Voz Aire
Int. Nacional - Interurbanas e Rec. em viagem 21 - Embratel	Variables-Excedente-Voz Aire
Fora da Rede Claro - Ligações Locais	Variables-Excedente-Voz Aire
Estab. Video Llamada a Móvil Externo	Variables-Excedente-Voz Aire
Estab. Video Llamada a Móvil Claro	Variables-Excedente-Voz Aire
Estab. de Llamada a Teléfonos Fijos	Variables-Excedente-Voz Aire
Estab. de Llamada a Móviles Externos	Variables-Excedente-Voz Aire
Estab. de Llamada a Móviles Cliente	Variables-Excedente-Voz Aire
Consumo Min. Compartilhado - Sob Medida	Variables-Excedente-Voz Aire
Claro-Outras Op. - Ligações Locais	Variables-Excedente-Voz Aire
Claro-Fixo - Ligações Locais	Variables-Excedente-Voz Aire
Claro-Claro - Ligações Locais	Variables-Excedente-Voz Aire
Chamada 0800 - Ligações para números especiais	Variables-Excedente-Voz Aire
Ajuste Minutos Excedentes	Variables-Excedente-Voz Aire
Acesso a Caixa Postal LOCAL	Variables-Excedente-Voz Aire
Acesso a Caixa Postal LOCAL	Variables-Excedente-Voz Aire
Acesso a Caixa Postal GRATIS	Variables-Excedente-Voz Aire
Acesso a Caixa Postal GRATIS	Variables-Excedente-Voz Aire
A Moviles Claro	Variables-Excedente-Voz Aire
A Moviles Claro	Variables-Excedente-Voz Aire
Minutos Todo Destino	Variables-Plan-Voz Incluido
Minutos Sin Cargo Promoción	Variables-Plan-Voz Incluido
Minutos Sin Cargo	Variables-Plan-Voz Incluido
Minutos Intra Red Empresa	Variables-Plan-Voz Incluido
Minutos Incluidos y Obsequiados	Variables-Plan-Voz Incluido
Minutos Incluidos Mi Empresa	Variables-Plan-Voz Incluido
Minutos Incluidos	Variables-Plan-Voz Incluido
Minutos Incluidos	Variables-Plan-Voz Incluido
Minutos Incluidos	Variables-Plan-Voz Incluido
Minutos Incluidos	Variables-Plan-Voz Incluido
Minutos Incluidos	Variables-Plan-Voz Incluido
Minutos Incluidos	Variables-Plan-Voz Incluido
Minutos Incluidos	Variables-Plan-Voz Incluido
Minutos Incluidos	Variables-Plan-Voz Incluido
Minutos Incluidos	Variables-Plan-Voz Incluido
Minutos Aire Sin Cargo PULA	Variables-Plan-Voz Incluido
Minutos Aire Sin Cargo a Personal	Variables-Plan-Voz Incluido
Ligações Locais - Tarifa Zero	Variables-Plan-Voz Incluido
Ligações Locais - Tarifa Zero	Variables-Plan-Voz Incluido
Ligações Locais - Tarifa Zero	Variables-Plan-Voz Incluido
Descuento Consumos	Variables-Plan-Voz Incluido
Clearing Tiempo de Aire	Variables-Plan-Voz Incluido
Clearing Tiempo de Aire	Variables-Plan-Voz Incluido
Clearing Tiempo de Aire	Variables-Plan-Voz Incluido
Clearing Tiempo de Aire	Variables-Plan-Voz Incluido
Clearing Tiempo de Aire	Variables-Plan-Voz Incluido
Clearing Tiempo de Aire	Variables-Plan-Voz Incluido
Clearing Tiempo de Aire	Variables-Plan-Voz Incluido
Clearing Tiempo de Aire	Variables-Plan-Voz Incluido
Clearing Tiempo de Aire	Variables-Plan-Voz Incluido
Clearing Tiempo de Aire	Variables-Plan-Voz Incluido
Bolsa De Voz	Variables-Plan-Voz Incluido
Minutos Interconexion local	Variables-Excedente-Voz Red
Minutos celular Red Sur	Variables-Excedente-Voz Red
Larga Distancia Nacionales	Variables-Excedente-Voz Red
Costo red Local	Variables-Excedente-Voz Red
Costo red DDN	Variables-Excedente-Voz Red
